username,password,email
user1,user1@123,user1@sdtbu.edu.cn
user2,user2@123,user2@sdtbu.edu.cn
user3,user3@123,user3@sdtbu.edu.cn
user4,user4@123,user4@sdtbu.edu.cn
user5,user5@123,user5@sdtbu.edu.cn
user6,user6@123,user6@sdtbu.edu.cn
user7,user7@123,user7@sdtbu.edu.cn
user8,user8@123,user8@sdtbu.edu.cn
user9,user9@123,user9@sdtbu.edu.cn
user10,user10@123,user10@sdtbu.edu.cn
user11,user11@123,user11@sdtbu.edu.cn
user12,user12@123,user12@sdtbu.edu.cn
user13,user13@123,user13@sdtbu.edu.cn
user14,user14@123,user14@sdtbu.edu.cn
user15,user15@123,user15@sdtbu.edu.cn
user16,user16@123,user16@sdtbu.edu.cn
user17,user17@123,user17@sdtbu.edu.cn
user18,user18@123,user18@sdtbu.edu.cn
user19,user19@123,user19@sdtbu.edu.cn
user20,user20@123,user20@sdtbu.edu.cn
user21,user21@123,user21@sdtbu.edu.cn
user22,user22@123,user22@sdtbu.edu.cn
user23,user23@123,user23@sdtbu.edu.cn
user24,user24@123,user24@sdtbu.edu.cn
user25,user25@123,user25@sdtbu.edu.cn
user26,user26@123,user26@sdtbu.edu.cn
user27,user27@123,user27@sdtbu.edu.cn
user28,user28@123,user28@sdtbu.edu.cn
user29,user29@123,user29@sdtbu.edu.cn
user30,user30@123,user30@sdtbu.edu.cn
user31,user31@123,user31@sdtbu.edu.cn
user32,user32@123,user32@sdtbu.edu.cn
user33,user33@123,user33@sdtbu.edu.cn
user34,user34@123,user34@sdtbu.edu.cn
user35,user35@123,user35@sdtbu.edu.cn
user36,user36@123,user36@sdtbu.edu.cn
user37,user37@123,user37@sdtbu.edu.cn
user38,user38@123,user38@sdtbu.edu.cn
user39,user39@123,user39@sdtbu.edu.cn
user40,user40@123,user40@sdtbu.edu.cn
user41,user41@123,user41@sdtbu.edu.cn
user42,user42@123,user42@sdtbu.edu.cn
user43,user43@123,user43@sdtbu.edu.cn
user44,user44@123,user44@sdtbu.edu.cn
user45,user45@123,user45@sdtbu.edu.cn
user46,user46@123,user46@sdtbu.edu.cn
user47,user47@123,user47@sdtbu.edu.cn
user48,user48@123,user48@sdtbu.edu.cn
user49,user49@123,user49@sdtbu.edu.cn
user50,user50@123,user50@sdtbu.edu.cn
user51,user51@123,user51@sdtbu.edu.cn
user52,user52@123,user52@sdtbu.edu.cn
user53,user53@123,user53@sdtbu.edu.cn
user54,user54@123,user54@sdtbu.edu.cn
user55,user55@123,user55@sdtbu.edu.cn
user56,user56@123,user56@sdtbu.edu.cn
user57,user57@123,user57@sdtbu.edu.cn
user58,user58@123,user58@sdtbu.edu.cn
user59,user59@123,user59@sdtbu.edu.cn
user60,user60@123,user60@sdtbu.edu.cn
user61,user61@123,user61@sdtbu.edu.cn
user62,user62@123,user62@sdtbu.edu.cn
user63,user63@123,user63@sdtbu.edu.cn
user64,user64@123,user64@sdtbu.edu.cn
user65,user65@123,user65@sdtbu.edu.cn
user66,user66@123,user66@sdtbu.edu.cn
user67,user67@123,user67@sdtbu.edu.cn
user68,user68@123,user68@sdtbu.edu.cn
user69,user69@123,user69@sdtbu.edu.cn
user70,user70@123,user70@sdtbu.edu.cn
user71,user71@123,user71@sdtbu.edu.cn
user72,user72@123,user72@sdtbu.edu.cn
user73,user73@123,user73@sdtbu.edu.cn
user74,user74@123,user74@sdtbu.edu.cn
user75,user75@123,user75@sdtbu.edu.cn
user76,user76@123,user76@sdtbu.edu.cn
user77,user77@123,user77@sdtbu.edu.cn
user78,user78@123,user78@sdtbu.edu.cn
user79,user79@123,user79@sdtbu.edu.cn
user80,user80@123,user80@sdtbu.edu.cn
user81,user81@123,user81@sdtbu.edu.cn
user82,user82@123,user82@sdtbu.edu.cn
user83,user83@123,user83@sdtbu.edu.cn
user84,user84@123,user84@sdtbu.edu.cn
user85,user85@123,user85@sdtbu.edu.cn
user86,user86@123,user86@sdtbu.edu.cn
user87,user87@123,user87@sdtbu.edu.cn
user88,user88@123,user88@sdtbu.edu.cn
user89,user89@123,user89@sdtbu.edu.cn
user90,user90@123,user90@sdtbu.edu.cn
user91,user91@123,user91@sdtbu.edu.cn
user92,user92@123,user92@sdtbu.edu.cn
user93,user93@123,user93@sdtbu.edu.cn
user94,user94@123,user94@sdtbu.edu.cn
user95,user95@123,user95@sdtbu.edu.cn
user96,user96@123,user96@sdtbu.edu.cn
user97,user97@123,user97@sdtbu.edu.cn
user98,user98@123,user98@sdtbu.edu.cn
user99,user99@123,user99@sdtbu.edu.cn
user100,user100@123,user100@sdtbu.edu.cn
user101,user101@123,user101@sdtbu.edu.cn
user102,user102@123,user102@sdtbu.edu.cn
user103,user103@123,user103@sdtbu.edu.cn
user104,user104@123,user104@sdtbu.edu.cn
user105,user105@123,user105@sdtbu.edu.cn
user106,user106@123,user106@sdtbu.edu.cn
user107,user107@123,user107@sdtbu.edu.cn
user108,user108@123,user108@sdtbu.edu.cn
user109,user109@123,user109@sdtbu.edu.cn
user110,user110@123,user110@sdtbu.edu.cn
user111,user111@123,user111@sdtbu.edu.cn
user112,user112@123,user112@sdtbu.edu.cn
user113,user113@123,user113@sdtbu.edu.cn
user114,user114@123,user114@sdtbu.edu.cn
user115,user115@123,user115@sdtbu.edu.cn
user116,user116@123,user116@sdtbu.edu.cn
user117,user117@123,user117@sdtbu.edu.cn
user118,user118@123,user118@sdtbu.edu.cn
user119,user119@123,user119@sdtbu.edu.cn
user120,user120@123,user120@sdtbu.edu.cn
user121,user121@123,user121@sdtbu.edu.cn
user122,user122@123,user122@sdtbu.edu.cn
user123,user123@123,user123@sdtbu.edu.cn
user124,user124@123,user124@sdtbu.edu.cn
user125,user125@123,user125@sdtbu.edu.cn
user126,user126@123,user126@sdtbu.edu.cn
user127,user127@123,user127@sdtbu.edu.cn
user128,user128@123,user128@sdtbu.edu.cn
user129,user129@123,user129@sdtbu.edu.cn
user130,user130@123,user130@sdtbu.edu.cn
user131,user131@123,user131@sdtbu.edu.cn
user132,user132@123,user132@sdtbu.edu.cn
user133,user133@123,user133@sdtbu.edu.cn
user134,user134@123,user134@sdtbu.edu.cn
user135,user135@123,user135@sdtbu.edu.cn
user136,user136@123,user136@sdtbu.edu.cn
user137,user137@123,user137@sdtbu.edu.cn
user138,user138@123,user138@sdtbu.edu.cn
user139,user139@123,user139@sdtbu.edu.cn
user140,user140@123,user140@sdtbu.edu.cn
user141,user141@123,user141@sdtbu.edu.cn
user142,user142@123,user142@sdtbu.edu.cn
user143,user143@123,user143@sdtbu.edu.cn
user144,user144@123,user144@sdtbu.edu.cn
user145,user145@123,user145@sdtbu.edu.cn
user146,user146@123,user146@sdtbu.edu.cn
user147,user147@123,user147@sdtbu.edu.cn
user148,user148@123,user148@sdtbu.edu.cn
user149,user149@123,user149@sdtbu.edu.cn
user150,user150@123,user150@sdtbu.edu.cn
user151,user151@123,user151@sdtbu.edu.cn
user152,user152@123,user152@sdtbu.edu.cn
user153,user153@123,user153@sdtbu.edu.cn
user154,user154@123,user154@sdtbu.edu.cn
user155,user155@123,user155@sdtbu.edu.cn
user156,user156@123,user156@sdtbu.edu.cn
user157,user157@123,user157@sdtbu.edu.cn
user158,user158@123,user158@sdtbu.edu.cn
user159,user159@123,user159@sdtbu.edu.cn
user160,user160@123,user160@sdtbu.edu.cn
user161,user161@123,user161@sdtbu.edu.cn
user162,user162@123,user162@sdtbu.edu.cn
user163,user163@123,user163@sdtbu.edu.cn
user164,user164@123,user164@sdtbu.edu.cn
user165,user165@123,user165@sdtbu.edu.cn
user166,user166@123,user166@sdtbu.edu.cn
user167,user167@123,user167@sdtbu.edu.cn
user168,user168@123,user168@sdtbu.edu.cn
user169,user169@123,user169@sdtbu.edu.cn
user170,user170@123,user170@sdtbu.edu.cn
user171,user171@123,user171@sdtbu.edu.cn
user172,user172@123,user172@sdtbu.edu.cn
user173,user173@123,user173@sdtbu.edu.cn
user174,user174@123,user174@sdtbu.edu.cn
user175,user175@123,user175@sdtbu.edu.cn
user176,user176@123,user176@sdtbu.edu.cn
user177,user177@123,user177@sdtbu.edu.cn
user178,user178@123,user178@sdtbu.edu.cn
user179,user179@123,user179@sdtbu.edu.cn
user180,user180@123,user180@sdtbu.edu.cn
user181,user181@123,user181@sdtbu.edu.cn
user182,user182@123,user182@sdtbu.edu.cn
user183,user183@123,user183@sdtbu.edu.cn
user184,user184@123,user184@sdtbu.edu.cn
user185,user185@123,user185@sdtbu.edu.cn
user186,user186@123,user186@sdtbu.edu.cn
user187,user187@123,user187@sdtbu.edu.cn
user188,user188@123,user188@sdtbu.edu.cn
user189,user189@123,user189@sdtbu.edu.cn
user190,user190@123,user190@sdtbu.edu.cn
user191,user191@123,user191@sdtbu.edu.cn
user192,user192@123,user192@sdtbu.edu.cn
user193,user193@123,user193@sdtbu.edu.cn
user194,user194@123,user194@sdtbu.edu.cn
user195,user195@123,user195@sdtbu.edu.cn
user196,user196@123,user196@sdtbu.edu.cn
user197,user197@123,user197@sdtbu.edu.cn
user198,user198@123,user198@sdtbu.edu.cn
user199,user199@123,user199@sdtbu.edu.cn
user200,user200@123,user200@sdtbu.edu.cn
user201,user201@123,user201@sdtbu.edu.cn
user202,user202@123,user202@sdtbu.edu.cn
user203,user203@123,user203@sdtbu.edu.cn
user204,user204@123,user204@sdtbu.edu.cn
user205,user205@123,user205@sdtbu.edu.cn
user206,user206@123,user206@sdtbu.edu.cn
user207,user207@123,user207@sdtbu.edu.cn
user208,user208@123,user208@sdtbu.edu.cn
user209,user209@123,user209@sdtbu.edu.cn
user210,user210@123,user210@sdtbu.edu.cn
user211,user211@123,user211@sdtbu.edu.cn
user212,user212@123,user212@sdtbu.edu.cn
user213,user213@123,user213@sdtbu.edu.cn
user214,user214@123,user214@sdtbu.edu.cn
user215,user215@123,user215@sdtbu.edu.cn
user216,user216@123,user216@sdtbu.edu.cn
user217,user217@123,user217@sdtbu.edu.cn
user218,user218@123,user218@sdtbu.edu.cn
user219,user219@123,user219@sdtbu.edu.cn
user220,user220@123,user220@sdtbu.edu.cn
user221,user221@123,user221@sdtbu.edu.cn
user222,user222@123,user222@sdtbu.edu.cn
user223,user223@123,user223@sdtbu.edu.cn
user224,user224@123,user224@sdtbu.edu.cn
user225,user225@123,user225@sdtbu.edu.cn
user226,user226@123,user226@sdtbu.edu.cn
user227,user227@123,user227@sdtbu.edu.cn
user228,user228@123,user228@sdtbu.edu.cn
user229,user229@123,user229@sdtbu.edu.cn
user230,user230@123,user230@sdtbu.edu.cn
user231,user231@123,user231@sdtbu.edu.cn
user232,user232@123,user232@sdtbu.edu.cn
user233,user233@123,user233@sdtbu.edu.cn
user234,user234@123,user234@sdtbu.edu.cn
user235,user235@123,user235@sdtbu.edu.cn
user236,user236@123,user236@sdtbu.edu.cn
user237,user237@123,user237@sdtbu.edu.cn
user238,user238@123,user238@sdtbu.edu.cn
user239,user239@123,user239@sdtbu.edu.cn
user240,user240@123,user240@sdtbu.edu.cn
user241,user241@123,user241@sdtbu.edu.cn
user242,user242@123,user242@sdtbu.edu.cn
user243,user243@123,user243@sdtbu.edu.cn
user244,user244@123,user244@sdtbu.edu.cn
user245,user245@123,user245@sdtbu.edu.cn
user246,user246@123,user246@sdtbu.edu.cn
user247,user247@123,user247@sdtbu.edu.cn
user248,user248@123,user248@sdtbu.edu.cn
user249,user249@123,user249@sdtbu.edu.cn
user250,user250@123,user250@sdtbu.edu.cn
user251,user251@123,user251@sdtbu.edu.cn
user252,user252@123,user252@sdtbu.edu.cn
user253,user253@123,user253@sdtbu.edu.cn
user254,user254@123,user254@sdtbu.edu.cn
user255,user255@123,user255@sdtbu.edu.cn
user256,user256@123,user256@sdtbu.edu.cn
user257,user257@123,user257@sdtbu.edu.cn
user258,user258@123,user258@sdtbu.edu.cn
user259,user259@123,user259@sdtbu.edu.cn
user260,user260@123,user260@sdtbu.edu.cn
user261,user261@123,user261@sdtbu.edu.cn
user262,user262@123,user262@sdtbu.edu.cn
user263,user263@123,user263@sdtbu.edu.cn
user264,user264@123,user264@sdtbu.edu.cn
user265,user265@123,user265@sdtbu.edu.cn
user266,user266@123,user266@sdtbu.edu.cn
user267,user267@123,user267@sdtbu.edu.cn
user268,user268@123,user268@sdtbu.edu.cn
user269,user269@123,user269@sdtbu.edu.cn
user270,user270@123,user270@sdtbu.edu.cn
user271,user271@123,user271@sdtbu.edu.cn
user272,user272@123,user272@sdtbu.edu.cn
user273,user273@123,user273@sdtbu.edu.cn
user274,user274@123,user274@sdtbu.edu.cn
user275,user275@123,user275@sdtbu.edu.cn
user276,user276@123,user276@sdtbu.edu.cn
user277,user277@123,user277@sdtbu.edu.cn
user278,user278@123,user278@sdtbu.edu.cn
user279,user279@123,user279@sdtbu.edu.cn
user280,user280@123,user280@sdtbu.edu.cn
user281,user281@123,user281@sdtbu.edu.cn
user282,user282@123,user282@sdtbu.edu.cn
user283,user283@123,user283@sdtbu.edu.cn
user284,user284@123,user284@sdtbu.edu.cn
user285,user285@123,user285@sdtbu.edu.cn
user286,user286@123,user286@sdtbu.edu.cn
user287,user287@123,user287@sdtbu.edu.cn
user288,user288@123,user288@sdtbu.edu.cn
user289,user289@123,user289@sdtbu.edu.cn
user290,user290@123,user290@sdtbu.edu.cn
user291,user291@123,user291@sdtbu.edu.cn
user292,user292@123,user292@sdtbu.edu.cn
user293,user293@123,user293@sdtbu.edu.cn
user294,user294@123,user294@sdtbu.edu.cn
user295,user295@123,user295@sdtbu.edu.cn
user296,user296@123,user296@sdtbu.edu.cn
user297,user297@123,user297@sdtbu.edu.cn
user298,user298@123,user298@sdtbu.edu.cn
user299,user299@123,user299@sdtbu.edu.cn
user300,user300@123,user300@sdtbu.edu.cn
user301,user301@123,user301@sdtbu.edu.cn
user302,user302@123,user302@sdtbu.edu.cn
user303,user303@123,user303@sdtbu.edu.cn
user304,user304@123,user304@sdtbu.edu.cn
user305,user305@123,user305@sdtbu.edu.cn
user306,user306@123,user306@sdtbu.edu.cn
user307,user307@123,user307@sdtbu.edu.cn
user308,user308@123,user308@sdtbu.edu.cn
user309,user309@123,user309@sdtbu.edu.cn
user310,user310@123,user310@sdtbu.edu.cn
user311,user311@123,user311@sdtbu.edu.cn
user312,user312@123,user312@sdtbu.edu.cn
user313,user313@123,user313@sdtbu.edu.cn
user314,user314@123,user314@sdtbu.edu.cn
user315,user315@123,user315@sdtbu.edu.cn
user316,user316@123,user316@sdtbu.edu.cn
user317,user317@123,user317@sdtbu.edu.cn
user318,user318@123,user318@sdtbu.edu.cn
user319,user319@123,user319@sdtbu.edu.cn
user320,user320@123,user320@sdtbu.edu.cn
user321,user321@123,user321@sdtbu.edu.cn
user322,user322@123,user322@sdtbu.edu.cn
user323,user323@123,user323@sdtbu.edu.cn
user324,user324@123,user324@sdtbu.edu.cn
user325,user325@123,user325@sdtbu.edu.cn
user326,user326@123,user326@sdtbu.edu.cn
user327,user327@123,user327@sdtbu.edu.cn
user328,user328@123,user328@sdtbu.edu.cn
user329,user329@123,user329@sdtbu.edu.cn
user330,user330@123,user330@sdtbu.edu.cn
user331,user331@123,user331@sdtbu.edu.cn
user332,user332@123,user332@sdtbu.edu.cn
user333,user333@123,user333@sdtbu.edu.cn
user334,user334@123,user334@sdtbu.edu.cn
user335,user335@123,user335@sdtbu.edu.cn
user336,user336@123,user336@sdtbu.edu.cn
user337,user337@123,user337@sdtbu.edu.cn
user338,user338@123,user338@sdtbu.edu.cn
user339,user339@123,user339@sdtbu.edu.cn
user340,user340@123,user340@sdtbu.edu.cn
user341,user341@123,user341@sdtbu.edu.cn
user342,user342@123,user342@sdtbu.edu.cn
user343,user343@123,user343@sdtbu.edu.cn
user344,user344@123,user344@sdtbu.edu.cn
user345,user345@123,user345@sdtbu.edu.cn
user346,user346@123,user346@sdtbu.edu.cn
user347,user347@123,user347@sdtbu.edu.cn
user348,user348@123,user348@sdtbu.edu.cn
user349,user349@123,user349@sdtbu.edu.cn
user350,user350@123,user350@sdtbu.edu.cn
user351,user351@123,user351@sdtbu.edu.cn
user352,user352@123,user352@sdtbu.edu.cn
user353,user353@123,user353@sdtbu.edu.cn
user354,user354@123,user354@sdtbu.edu.cn
user355,user355@123,user355@sdtbu.edu.cn
user356,user356@123,user356@sdtbu.edu.cn
user357,user357@123,user357@sdtbu.edu.cn
user358,user358@123,user358@sdtbu.edu.cn
user359,user359@123,user359@sdtbu.edu.cn
user360,user360@123,user360@sdtbu.edu.cn
user361,user361@123,user361@sdtbu.edu.cn
user362,user362@123,user362@sdtbu.edu.cn
user363,user363@123,user363@sdtbu.edu.cn
user364,user364@123,user364@sdtbu.edu.cn
user365,user365@123,user365@sdtbu.edu.cn
user366,user366@123,user366@sdtbu.edu.cn
user367,user367@123,user367@sdtbu.edu.cn
user368,user368@123,user368@sdtbu.edu.cn
user369,user369@123,user369@sdtbu.edu.cn
user370,user370@123,user370@sdtbu.edu.cn
user371,user371@123,user371@sdtbu.edu.cn
user372,user372@123,user372@sdtbu.edu.cn
user373,user373@123,user373@sdtbu.edu.cn
user374,user374@123,user374@sdtbu.edu.cn
user375,user375@123,user375@sdtbu.edu.cn
user376,user376@123,user376@sdtbu.edu.cn
user377,user377@123,user377@sdtbu.edu.cn
user378,user378@123,user378@sdtbu.edu.cn
user379,user379@123,user379@sdtbu.edu.cn
user380,user380@123,user380@sdtbu.edu.cn
user381,user381@123,user381@sdtbu.edu.cn
user382,user382@123,user382@sdtbu.edu.cn
user383,user383@123,user383@sdtbu.edu.cn
user384,user384@123,user384@sdtbu.edu.cn
user385,user385@123,user385@sdtbu.edu.cn
user386,user386@123,user386@sdtbu.edu.cn
user387,user387@123,user387@sdtbu.edu.cn
user388,user388@123,user388@sdtbu.edu.cn
user389,user389@123,user389@sdtbu.edu.cn
user390,user390@123,user390@sdtbu.edu.cn
user391,user391@123,user391@sdtbu.edu.cn
user392,user392@123,user392@sdtbu.edu.cn
user393,user393@123,user393@sdtbu.edu.cn
user394,user394@123,user394@sdtbu.edu.cn
user395,user395@123,user395@sdtbu.edu.cn
user396,user396@123,user396@sdtbu.edu.cn
user397,user397@123,user397@sdtbu.edu.cn
user398,user398@123,user398@sdtbu.edu.cn
user399,user399@123,user399@sdtbu.edu.cn
user400,user400@123,user400@sdtbu.edu.cn
user401,user401@123,user401@sdtbu.edu.cn
user402,user402@123,user402@sdtbu.edu.cn
user403,user403@123,user403@sdtbu.edu.cn
user404,user404@123,user404@sdtbu.edu.cn
user405,user405@123,user405@sdtbu.edu.cn
user406,user406@123,user406@sdtbu.edu.cn
user407,user407@123,user407@sdtbu.edu.cn
user408,user408@123,user408@sdtbu.edu.cn
user409,user409@123,user409@sdtbu.edu.cn
user410,user410@123,user410@sdtbu.edu.cn
user411,user411@123,user411@sdtbu.edu.cn
user412,user412@123,user412@sdtbu.edu.cn
user413,user413@123,user413@sdtbu.edu.cn
user414,user414@123,user414@sdtbu.edu.cn
user415,user415@123,user415@sdtbu.edu.cn
user416,user416@123,user416@sdtbu.edu.cn
user417,user417@123,user417@sdtbu.edu.cn
user418,user418@123,user418@sdtbu.edu.cn
user419,user419@123,user419@sdtbu.edu.cn
user420,user420@123,user420@sdtbu.edu.cn
user421,user421@123,user421@sdtbu.edu.cn
user422,user422@123,user422@sdtbu.edu.cn
user423,user423@123,user423@sdtbu.edu.cn
user424,user424@123,user424@sdtbu.edu.cn
user425,user425@123,user425@sdtbu.edu.cn
user426,user426@123,user426@sdtbu.edu.cn
user427,user427@123,user427@sdtbu.edu.cn
user428,user428@123,user428@sdtbu.edu.cn
user429,user429@123,user429@sdtbu.edu.cn
user430,user430@123,user430@sdtbu.edu.cn
user431,user431@123,user431@sdtbu.edu.cn
user432,user432@123,user432@sdtbu.edu.cn
user433,user433@123,user433@sdtbu.edu.cn
user434,user434@123,user434@sdtbu.edu.cn
user435,user435@123,user435@sdtbu.edu.cn
user436,user436@123,user436@sdtbu.edu.cn
user437,user437@123,user437@sdtbu.edu.cn
user438,user438@123,user438@sdtbu.edu.cn
user439,user439@123,user439@sdtbu.edu.cn
user440,user440@123,user440@sdtbu.edu.cn
user441,user441@123,user441@sdtbu.edu.cn
user442,user442@123,user442@sdtbu.edu.cn
user443,user443@123,user443@sdtbu.edu.cn
user444,user444@123,user444@sdtbu.edu.cn
user445,user445@123,user445@sdtbu.edu.cn
user446,user446@123,user446@sdtbu.edu.cn
user447,user447@123,user447@sdtbu.edu.cn
user448,user448@123,user448@sdtbu.edu.cn
user449,user449@123,user449@sdtbu.edu.cn
user450,user450@123,user450@sdtbu.edu.cn
user451,user451@123,user451@sdtbu.edu.cn
user452,user452@123,user452@sdtbu.edu.cn
user453,user453@123,user453@sdtbu.edu.cn
user454,user454@123,user454@sdtbu.edu.cn
user455,user455@123,user455@sdtbu.edu.cn
user456,user456@123,user456@sdtbu.edu.cn
user457,user457@123,user457@sdtbu.edu.cn
user458,user458@123,user458@sdtbu.edu.cn
user459,user459@123,user459@sdtbu.edu.cn
user460,user460@123,user460@sdtbu.edu.cn
user461,user461@123,user461@sdtbu.edu.cn
user462,user462@123,user462@sdtbu.edu.cn
user463,user463@123,user463@sdtbu.edu.cn
user464,user464@123,user464@sdtbu.edu.cn
user465,user465@123,user465@sdtbu.edu.cn
user466,user466@123,user466@sdtbu.edu.cn
user467,user467@123,user467@sdtbu.edu.cn
user468,user468@123,user468@sdtbu.edu.cn
user469,user469@123,user469@sdtbu.edu.cn
user470,user470@123,user470@sdtbu.edu.cn
user471,user471@123,user471@sdtbu.edu.cn
user472,user472@123,user472@sdtbu.edu.cn
user473,user473@123,user473@sdtbu.edu.cn
user474,user474@123,user474@sdtbu.edu.cn
user475,user475@123,user475@sdtbu.edu.cn
user476,user476@123,user476@sdtbu.edu.cn
user477,user477@123,user477@sdtbu.edu.cn
user478,user478@123,user478@sdtbu.edu.cn
user479,user479@123,user479@sdtbu.edu.cn
user480,user480@123,user480@sdtbu.edu.cn
user481,user481@123,user481@sdtbu.edu.cn
user482,user482@123,user482@sdtbu.edu.cn
user483,user483@123,user483@sdtbu.edu.cn
user484,user484@123,user484@sdtbu.edu.cn
user485,user485@123,user485@sdtbu.edu.cn
user486,user486@123,user486@sdtbu.edu.cn
user487,user487@123,user487@sdtbu.edu.cn
user488,user488@123,user488@sdtbu.edu.cn
user489,user489@123,user489@sdtbu.edu.cn
user490,user490@123,user490@sdtbu.edu.cn
user491,user491@123,user491@sdtbu.edu.cn
user492,user492@123,user492@sdtbu.edu.cn
user493,user493@123,user493@sdtbu.edu.cn
user494,user494@123,user494@sdtbu.edu.cn
user495,user495@123,user495@sdtbu.edu.cn
user496,user496@123,user496@sdtbu.edu.cn
user497,user497@123,user497@sdtbu.edu.cn
user498,user498@123,user498@sdtbu.edu.cn
user499,user499@123,user499@sdtbu.edu.cn
user500,user500@123,user500@sdtbu.edu.cn
user501,user501@123,user501@sdtbu.edu.cn
user502,user502@123,user502@sdtbu.edu.cn
user503,user503@123,user503@sdtbu.edu.cn
user504,user504@123,user504@sdtbu.edu.cn
user505,user505@123,user505@sdtbu.edu.cn
user506,user506@123,user506@sdtbu.edu.cn
user507,user507@123,user507@sdtbu.edu.cn
user508,user508@123,user508@sdtbu.edu.cn
user509,user509@123,user509@sdtbu.edu.cn
user510,user510@123,user510@sdtbu.edu.cn
user511,user511@123,user511@sdtbu.edu.cn
user512,user512@123,user512@sdtbu.edu.cn
user513,user513@123,user513@sdtbu.edu.cn
user514,user514@123,user514@sdtbu.edu.cn
user515,user515@123,user515@sdtbu.edu.cn
user516,user516@123,user516@sdtbu.edu.cn
user517,user517@123,user517@sdtbu.edu.cn
user518,user518@123,user518@sdtbu.edu.cn
user519,user519@123,user519@sdtbu.edu.cn
user520,user520@123,user520@sdtbu.edu.cn
user521,user521@123,user521@sdtbu.edu.cn
user522,user522@123,user522@sdtbu.edu.cn
user523,user523@123,user523@sdtbu.edu.cn
user524,user524@123,user524@sdtbu.edu.cn
user525,user525@123,user525@sdtbu.edu.cn
user526,user526@123,user526@sdtbu.edu.cn
user527,user527@123,user527@sdtbu.edu.cn
user528,user528@123,user528@sdtbu.edu.cn
user529,user529@123,user529@sdtbu.edu.cn
user530,user530@123,user530@sdtbu.edu.cn
user531,user531@123,user531@sdtbu.edu.cn
user532,user532@123,user532@sdtbu.edu.cn
user533,user533@123,user533@sdtbu.edu.cn
user534,user534@123,user534@sdtbu.edu.cn
user535,user535@123,user535@sdtbu.edu.cn
user536,user536@123,user536@sdtbu.edu.cn
user537,user537@123,user537@sdtbu.edu.cn
user538,user538@123,user538@sdtbu.edu.cn
user539,user539@123,user539@sdtbu.edu.cn
user540,user540@123,user540@sdtbu.edu.cn
user541,user541@123,user541@sdtbu.edu.cn
user542,user542@123,user542@sdtbu.edu.cn
user543,user543@123,user543@sdtbu.edu.cn
user544,user544@123,user544@sdtbu.edu.cn
user545,user545@123,user545@sdtbu.edu.cn
user546,user546@123,user546@sdtbu.edu.cn
user547,user547@123,user547@sdtbu.edu.cn
user548,user548@123,user548@sdtbu.edu.cn
user549,user549@123,user549@sdtbu.edu.cn
user550,user550@123,user550@sdtbu.edu.cn
user551,user551@123,user551@sdtbu.edu.cn
user552,user552@123,user552@sdtbu.edu.cn
user553,user553@123,user553@sdtbu.edu.cn
user554,user554@123,user554@sdtbu.edu.cn
user555,user555@123,user555@sdtbu.edu.cn
user556,user556@123,user556@sdtbu.edu.cn
user557,user557@123,user557@sdtbu.edu.cn
user558,user558@123,user558@sdtbu.edu.cn
user559,user559@123,user559@sdtbu.edu.cn
user560,user560@123,user560@sdtbu.edu.cn
user561,user561@123,user561@sdtbu.edu.cn
user562,user562@123,user562@sdtbu.edu.cn
user563,user563@123,user563@sdtbu.edu.cn
user564,user564@123,user564@sdtbu.edu.cn
user565,user565@123,user565@sdtbu.edu.cn
user566,user566@123,user566@sdtbu.edu.cn
user567,user567@123,user567@sdtbu.edu.cn
user568,user568@123,user568@sdtbu.edu.cn
user569,user569@123,user569@sdtbu.edu.cn
user570,user570@123,user570@sdtbu.edu.cn
user571,user571@123,user571@sdtbu.edu.cn
user572,user572@123,user572@sdtbu.edu.cn
user573,user573@123,user573@sdtbu.edu.cn
user574,user574@123,user574@sdtbu.edu.cn
user575,user575@123,user575@sdtbu.edu.cn
user576,user576@123,user576@sdtbu.edu.cn
user577,user577@123,user577@sdtbu.edu.cn
user578,user578@123,user578@sdtbu.edu.cn
user579,user579@123,user579@sdtbu.edu.cn
user580,user580@123,user580@sdtbu.edu.cn
user581,user581@123,user581@sdtbu.edu.cn
user582,user582@123,user582@sdtbu.edu.cn
user583,user583@123,user583@sdtbu.edu.cn
user584,user584@123,user584@sdtbu.edu.cn
user585,user585@123,user585@sdtbu.edu.cn
user586,user586@123,user586@sdtbu.edu.cn
user587,user587@123,user587@sdtbu.edu.cn
user588,user588@123,user588@sdtbu.edu.cn
user589,user589@123,user589@sdtbu.edu.cn
user590,user590@123,user590@sdtbu.edu.cn
user591,user591@123,user591@sdtbu.edu.cn
user592,user592@123,user592@sdtbu.edu.cn
user593,user593@123,user593@sdtbu.edu.cn
user594,user594@123,user594@sdtbu.edu.cn
user595,user595@123,user595@sdtbu.edu.cn
user596,user596@123,user596@sdtbu.edu.cn
user597,user597@123,user597@sdtbu.edu.cn
user598,user598@123,user598@sdtbu.edu.cn
user599,user599@123,user599@sdtbu.edu.cn
user600,user600@123,user600@sdtbu.edu.cn
user601,user601@123,user601@sdtbu.edu.cn
user602,user602@123,user602@sdtbu.edu.cn
user603,user603@123,user603@sdtbu.edu.cn
user604,user604@123,user604@sdtbu.edu.cn
user605,user605@123,user605@sdtbu.edu.cn
user606,user606@123,user606@sdtbu.edu.cn
user607,user607@123,user607@sdtbu.edu.cn
user608,user608@123,user608@sdtbu.edu.cn
user609,user609@123,user609@sdtbu.edu.cn
user610,user610@123,user610@sdtbu.edu.cn
user611,user611@123,user611@sdtbu.edu.cn
user612,user612@123,user612@sdtbu.edu.cn
user613,user613@123,user613@sdtbu.edu.cn
user614,user614@123,user614@sdtbu.edu.cn
user615,user615@123,user615@sdtbu.edu.cn
user616,user616@123,user616@sdtbu.edu.cn
user617,user617@123,user617@sdtbu.edu.cn
user618,user618@123,user618@sdtbu.edu.cn
user619,user619@123,user619@sdtbu.edu.cn
user620,user620@123,user620@sdtbu.edu.cn
user621,user621@123,user621@sdtbu.edu.cn
user622,user622@123,user622@sdtbu.edu.cn
user623,user623@123,user623@sdtbu.edu.cn
user624,user624@123,user624@sdtbu.edu.cn
user625,user625@123,user625@sdtbu.edu.cn
user626,user626@123,user626@sdtbu.edu.cn
user627,user627@123,user627@sdtbu.edu.cn
user628,user628@123,user628@sdtbu.edu.cn
user629,user629@123,user629@sdtbu.edu.cn
user630,user630@123,user630@sdtbu.edu.cn
user631,user631@123,user631@sdtbu.edu.cn
user632,user632@123,user632@sdtbu.edu.cn
user633,user633@123,user633@sdtbu.edu.cn
user634,user634@123,user634@sdtbu.edu.cn
user635,user635@123,user635@sdtbu.edu.cn
user636,user636@123,user636@sdtbu.edu.cn
user637,user637@123,user637@sdtbu.edu.cn
user638,user638@123,user638@sdtbu.edu.cn
user639,user639@123,user639@sdtbu.edu.cn
user640,user640@123,user640@sdtbu.edu.cn
user641,user641@123,user641@sdtbu.edu.cn
user642,user642@123,user642@sdtbu.edu.cn
user643,user643@123,user643@sdtbu.edu.cn
user644,user644@123,user644@sdtbu.edu.cn
user645,user645@123,user645@sdtbu.edu.cn
user646,user646@123,user646@sdtbu.edu.cn
user647,user647@123,user647@sdtbu.edu.cn
user648,user648@123,user648@sdtbu.edu.cn
user649,user649@123,user649@sdtbu.edu.cn
user650,user650@123,user650@sdtbu.edu.cn
user651,user651@123,user651@sdtbu.edu.cn
user652,user652@123,user652@sdtbu.edu.cn
user653,user653@123,user653@sdtbu.edu.cn
user654,user654@123,user654@sdtbu.edu.cn
user655,user655@123,user655@sdtbu.edu.cn
user656,user656@123,user656@sdtbu.edu.cn
user657,user657@123,user657@sdtbu.edu.cn
user658,user658@123,user658@sdtbu.edu.cn
user659,user659@123,user659@sdtbu.edu.cn
user660,user660@123,user660@sdtbu.edu.cn
user661,user661@123,user661@sdtbu.edu.cn
user662,user662@123,user662@sdtbu.edu.cn
user663,user663@123,user663@sdtbu.edu.cn
user664,user664@123,user664@sdtbu.edu.cn
user665,user665@123,user665@sdtbu.edu.cn
user666,user666@123,user666@sdtbu.edu.cn
user667,user667@123,user667@sdtbu.edu.cn
user668,user668@123,user668@sdtbu.edu.cn
user669,user669@123,user669@sdtbu.edu.cn
user670,user670@123,user670@sdtbu.edu.cn
user671,user671@123,user671@sdtbu.edu.cn
user672,user672@123,user672@sdtbu.edu.cn
user673,user673@123,user673@sdtbu.edu.cn
user674,user674@123,user674@sdtbu.edu.cn
user675,user675@123,user675@sdtbu.edu.cn
user676,user676@123,user676@sdtbu.edu.cn
user677,user677@123,user677@sdtbu.edu.cn
user678,user678@123,user678@sdtbu.edu.cn
user679,user679@123,user679@sdtbu.edu.cn
user680,user680@123,user680@sdtbu.edu.cn
user681,user681@123,user681@sdtbu.edu.cn
user682,user682@123,user682@sdtbu.edu.cn
user683,user683@123,user683@sdtbu.edu.cn
user684,user684@123,user684@sdtbu.edu.cn
user685,user685@123,user685@sdtbu.edu.cn
user686,user686@123,user686@sdtbu.edu.cn
user687,user687@123,user687@sdtbu.edu.cn
user688,user688@123,user688@sdtbu.edu.cn
user689,user689@123,user689@sdtbu.edu.cn
user690,user690@123,user690@sdtbu.edu.cn
user691,user691@123,user691@sdtbu.edu.cn
user692,user692@123,user692@sdtbu.edu.cn
user693,user693@123,user693@sdtbu.edu.cn
user694,user694@123,user694@sdtbu.edu.cn
user695,user695@123,user695@sdtbu.edu.cn
user696,user696@123,user696@sdtbu.edu.cn
user697,user697@123,user697@sdtbu.edu.cn
user698,user698@123,user698@sdtbu.edu.cn
user699,user699@123,user699@sdtbu.edu.cn
user700,user700@123,user700@sdtbu.edu.cn
user701,user701@123,user701@sdtbu.edu.cn
user702,user702@123,user702@sdtbu.edu.cn
user703,user703@123,user703@sdtbu.edu.cn
user704,user704@123,user704@sdtbu.edu.cn
user705,user705@123,user705@sdtbu.edu.cn
user706,user706@123,user706@sdtbu.edu.cn
user707,user707@123,user707@sdtbu.edu.cn
user708,user708@123,user708@sdtbu.edu.cn
user709,user709@123,user709@sdtbu.edu.cn
user710,user710@123,user710@sdtbu.edu.cn
user711,user711@123,user711@sdtbu.edu.cn
user712,user712@123,user712@sdtbu.edu.cn
user713,user713@123,user713@sdtbu.edu.cn
user714,user714@123,user714@sdtbu.edu.cn
user715,user715@123,user715@sdtbu.edu.cn
user716,user716@123,user716@sdtbu.edu.cn
user717,user717@123,user717@sdtbu.edu.cn
user718,user718@123,user718@sdtbu.edu.cn
user719,user719@123,user719@sdtbu.edu.cn
user720,user720@123,user720@sdtbu.edu.cn
user721,user721@123,user721@sdtbu.edu.cn
user722,user722@123,user722@sdtbu.edu.cn
user723,user723@123,user723@sdtbu.edu.cn
user724,user724@123,user724@sdtbu.edu.cn
user725,user725@123,user725@sdtbu.edu.cn
user726,user726@123,user726@sdtbu.edu.cn
user727,user727@123,user727@sdtbu.edu.cn
user728,user728@123,user728@sdtbu.edu.cn
user729,user729@123,user729@sdtbu.edu.cn
user730,user730@123,user730@sdtbu.edu.cn
user731,user731@123,user731@sdtbu.edu.cn
user732,user732@123,user732@sdtbu.edu.cn
user733,user733@123,user733@sdtbu.edu.cn
user734,user734@123,user734@sdtbu.edu.cn
user735,user735@123,user735@sdtbu.edu.cn
user736,user736@123,user736@sdtbu.edu.cn
user737,user737@123,user737@sdtbu.edu.cn
user738,user738@123,user738@sdtbu.edu.cn
user739,user739@123,user739@sdtbu.edu.cn
user740,user740@123,user740@sdtbu.edu.cn
user741,user741@123,user741@sdtbu.edu.cn
user742,user742@123,user742@sdtbu.edu.cn
user743,user743@123,user743@sdtbu.edu.cn
user744,user744@123,user744@sdtbu.edu.cn
user745,user745@123,user745@sdtbu.edu.cn
user746,user746@123,user746@sdtbu.edu.cn
user747,user747@123,user747@sdtbu.edu.cn
user748,user748@123,user748@sdtbu.edu.cn
user749,user749@123,user749@sdtbu.edu.cn
user750,user750@123,user750@sdtbu.edu.cn
user751,user751@123,user751@sdtbu.edu.cn
user752,user752@123,user752@sdtbu.edu.cn
user753,user753@123,user753@sdtbu.edu.cn
user754,user754@123,user754@sdtbu.edu.cn
user755,user755@123,user755@sdtbu.edu.cn
user756,user756@123,user756@sdtbu.edu.cn
user757,user757@123,user757@sdtbu.edu.cn
user758,user758@123,user758@sdtbu.edu.cn
user759,user759@123,user759@sdtbu.edu.cn
user760,user760@123,user760@sdtbu.edu.cn
user761,user761@123,user761@sdtbu.edu.cn
user762,user762@123,user762@sdtbu.edu.cn
user763,user763@123,user763@sdtbu.edu.cn
user764,user764@123,user764@sdtbu.edu.cn
user765,user765@123,user765@sdtbu.edu.cn
user766,user766@123,user766@sdtbu.edu.cn
user767,user767@123,user767@sdtbu.edu.cn
user768,user768@123,user768@sdtbu.edu.cn
user769,user769@123,user769@sdtbu.edu.cn
user770,user770@123,user770@sdtbu.edu.cn
user771,user771@123,user771@sdtbu.edu.cn
user772,user772@123,user772@sdtbu.edu.cn
user773,user773@123,user773@sdtbu.edu.cn
user774,user774@123,user774@sdtbu.edu.cn
user775,user775@123,user775@sdtbu.edu.cn
user776,user776@123,user776@sdtbu.edu.cn
user777,user777@123,user777@sdtbu.edu.cn
user778,user778@123,user778@sdtbu.edu.cn
user779,user779@123,user779@sdtbu.edu.cn
user780,user780@123,user780@sdtbu.edu.cn
user781,user781@123,user781@sdtbu.edu.cn
user782,user782@123,user782@sdtbu.edu.cn
user783,user783@123,user783@sdtbu.edu.cn
user784,user784@123,user784@sdtbu.edu.cn
user785,user785@123,user785@sdtbu.edu.cn
user786,user786@123,user786@sdtbu.edu.cn
user787,user787@123,user787@sdtbu.edu.cn
user788,user788@123,user788@sdtbu.edu.cn
user789,user789@123,user789@sdtbu.edu.cn
user790,user790@123,user790@sdtbu.edu.cn
user791,user791@123,user791@sdtbu.edu.cn
user792,user792@123,user792@sdtbu.edu.cn
user793,user793@123,user793@sdtbu.edu.cn
user794,user794@123,user794@sdtbu.edu.cn
user795,user795@123,user795@sdtbu.edu.cn
user796,user796@123,user796@sdtbu.edu.cn
user797,user797@123,user797@sdtbu.edu.cn
user798,user798@123,user798@sdtbu.edu.cn
user799,user799@123,user799@sdtbu.edu.cn
user800,user800@123,user800@sdtbu.edu.cn
user801,user801@123,user801@sdtbu.edu.cn
user802,user802@123,user802@sdtbu.edu.cn
user803,user803@123,user803@sdtbu.edu.cn
user804,user804@123,user804@sdtbu.edu.cn
user805,user805@123,user805@sdtbu.edu.cn
user806,user806@123,user806@sdtbu.edu.cn
user807,user807@123,user807@sdtbu.edu.cn
user808,user808@123,user808@sdtbu.edu.cn
user809,user809@123,user809@sdtbu.edu.cn
user810,user810@123,user810@sdtbu.edu.cn
user811,user811@123,user811@sdtbu.edu.cn
user812,user812@123,user812@sdtbu.edu.cn
user813,user813@123,user813@sdtbu.edu.cn
user814,user814@123,user814@sdtbu.edu.cn
user815,user815@123,user815@sdtbu.edu.cn
user816,user816@123,user816@sdtbu.edu.cn
user817,user817@123,user817@sdtbu.edu.cn
user818,user818@123,user818@sdtbu.edu.cn
user819,user819@123,user819@sdtbu.edu.cn
user820,user820@123,user820@sdtbu.edu.cn
user821,user821@123,user821@sdtbu.edu.cn
user822,user822@123,user822@sdtbu.edu.cn
user823,user823@123,user823@sdtbu.edu.cn
user824,user824@123,user824@sdtbu.edu.cn
user825,user825@123,user825@sdtbu.edu.cn
user826,user826@123,user826@sdtbu.edu.cn
user827,user827@123,user827@sdtbu.edu.cn
user828,user828@123,user828@sdtbu.edu.cn
user829,user829@123,user829@sdtbu.edu.cn
user830,user830@123,user830@sdtbu.edu.cn
user831,user831@123,user831@sdtbu.edu.cn
user832,user832@123,user832@sdtbu.edu.cn
user833,user833@123,user833@sdtbu.edu.cn
user834,user834@123,user834@sdtbu.edu.cn
user835,user835@123,user835@sdtbu.edu.cn
user836,user836@123,user836@sdtbu.edu.cn
user837,user837@123,user837@sdtbu.edu.cn
user838,user838@123,user838@sdtbu.edu.cn
user839,user839@123,user839@sdtbu.edu.cn
user840,user840@123,user840@sdtbu.edu.cn
user841,user841@123,user841@sdtbu.edu.cn
user842,user842@123,user842@sdtbu.edu.cn
user843,user843@123,user843@sdtbu.edu.cn
user844,user844@123,user844@sdtbu.edu.cn
user845,user845@123,user845@sdtbu.edu.cn
user846,user846@123,user846@sdtbu.edu.cn
user847,user847@123,user847@sdtbu.edu.cn
user848,user848@123,user848@sdtbu.edu.cn
user849,user849@123,user849@sdtbu.edu.cn
user850,user850@123,user850@sdtbu.edu.cn
user851,user851@123,user851@sdtbu.edu.cn
user852,user852@123,user852@sdtbu.edu.cn
user853,user853@123,user853@sdtbu.edu.cn
user854,user854@123,user854@sdtbu.edu.cn
user855,user855@123,user855@sdtbu.edu.cn
user856,user856@123,user856@sdtbu.edu.cn
user857,user857@123,user857@sdtbu.edu.cn
user858,user858@123,user858@sdtbu.edu.cn
user859,user859@123,user859@sdtbu.edu.cn
user860,user860@123,user860@sdtbu.edu.cn
user861,user861@123,user861@sdtbu.edu.cn
user862,user862@123,user862@sdtbu.edu.cn
user863,user863@123,user863@sdtbu.edu.cn
user864,user864@123,user864@sdtbu.edu.cn
user865,user865@123,user865@sdtbu.edu.cn
user866,user866@123,user866@sdtbu.edu.cn
user867,user867@123,user867@sdtbu.edu.cn
user868,user868@123,user868@sdtbu.edu.cn
user869,user869@123,user869@sdtbu.edu.cn
user870,user870@123,user870@sdtbu.edu.cn
user871,user871@123,user871@sdtbu.edu.cn
user872,user872@123,user872@sdtbu.edu.cn
user873,user873@123,user873@sdtbu.edu.cn
user874,user874@123,user874@sdtbu.edu.cn
user875,user875@123,user875@sdtbu.edu.cn
user876,user876@123,user876@sdtbu.edu.cn
user877,user877@123,user877@sdtbu.edu.cn
user878,user878@123,user878@sdtbu.edu.cn
user879,user879@123,user879@sdtbu.edu.cn
user880,user880@123,user880@sdtbu.edu.cn
user881,user881@123,user881@sdtbu.edu.cn
user882,user882@123,user882@sdtbu.edu.cn
user883,user883@123,user883@sdtbu.edu.cn
user884,user884@123,user884@sdtbu.edu.cn
user885,user885@123,user885@sdtbu.edu.cn
user886,user886@123,user886@sdtbu.edu.cn
user887,user887@123,user887@sdtbu.edu.cn
user888,user888@123,user888@sdtbu.edu.cn
user889,user889@123,user889@sdtbu.edu.cn
user890,user890@123,user890@sdtbu.edu.cn
user891,user891@123,user891@sdtbu.edu.cn
user892,user892@123,user892@sdtbu.edu.cn
user893,user893@123,user893@sdtbu.edu.cn
user894,user894@123,user894@sdtbu.edu.cn
user895,user895@123,user895@sdtbu.edu.cn
user896,user896@123,user896@sdtbu.edu.cn
user897,user897@123,user897@sdtbu.edu.cn
user898,user898@123,user898@sdtbu.edu.cn
user899,user899@123,user899@sdtbu.edu.cn
user900,user900@123,user900@sdtbu.edu.cn
user901,user901@123,user901@sdtbu.edu.cn
user902,user902@123,user902@sdtbu.edu.cn
user903,user903@123,user903@sdtbu.edu.cn
user904,user904@123,user904@sdtbu.edu.cn
user905,user905@123,user905@sdtbu.edu.cn
user906,user906@123,user906@sdtbu.edu.cn
user907,user907@123,user907@sdtbu.edu.cn
user908,user908@123,user908@sdtbu.edu.cn
user909,user909@123,user909@sdtbu.edu.cn
user910,user910@123,user910@sdtbu.edu.cn
user911,user911@123,user911@sdtbu.edu.cn
user912,user912@123,user912@sdtbu.edu.cn
user913,user913@123,user913@sdtbu.edu.cn
user914,user914@123,user914@sdtbu.edu.cn
user915,user915@123,user915@sdtbu.edu.cn
user916,user916@123,user916@sdtbu.edu.cn
user917,user917@123,user917@sdtbu.edu.cn
user918,user918@123,user918@sdtbu.edu.cn
user919,user919@123,user919@sdtbu.edu.cn
user920,user920@123,user920@sdtbu.edu.cn
user921,user921@123,user921@sdtbu.edu.cn
user922,user922@123,user922@sdtbu.edu.cn
user923,user923@123,user923@sdtbu.edu.cn
user924,user924@123,user924@sdtbu.edu.cn
user925,user925@123,user925@sdtbu.edu.cn
user926,user926@123,user926@sdtbu.edu.cn
user927,user927@123,user927@sdtbu.edu.cn
user928,user928@123,user928@sdtbu.edu.cn
user929,user929@123,user929@sdtbu.edu.cn
user930,user930@123,user930@sdtbu.edu.cn
user931,user931@123,user931@sdtbu.edu.cn
user932,user932@123,user932@sdtbu.edu.cn
user933,user933@123,user933@sdtbu.edu.cn
user934,user934@123,user934@sdtbu.edu.cn
user935,user935@123,user935@sdtbu.edu.cn
user936,user936@123,user936@sdtbu.edu.cn
user937,user937@123,user937@sdtbu.edu.cn
user938,user938@123,user938@sdtbu.edu.cn
user939,user939@123,user939@sdtbu.edu.cn
user940,user940@123,user940@sdtbu.edu.cn
user941,user941@123,user941@sdtbu.edu.cn
user942,user942@123,user942@sdtbu.edu.cn
user943,user943@123,user943@sdtbu.edu.cn
user944,user944@123,user944@sdtbu.edu.cn
user945,user945@123,user945@sdtbu.edu.cn
user946,user946@123,user946@sdtbu.edu.cn
user947,user947@123,user947@sdtbu.edu.cn
user948,user948@123,user948@sdtbu.edu.cn
user949,user949@123,user949@sdtbu.edu.cn
user950,user950@123,user950@sdtbu.edu.cn
user951,user951@123,user951@sdtbu.edu.cn
user952,user952@123,user952@sdtbu.edu.cn
user953,user953@123,user953@sdtbu.edu.cn
user954,user954@123,user954@sdtbu.edu.cn
user955,user955@123,user955@sdtbu.edu.cn
user956,user956@123,user956@sdtbu.edu.cn
user957,user957@123,user957@sdtbu.edu.cn
user958,user958@123,user958@sdtbu.edu.cn
user959,user959@123,user959@sdtbu.edu.cn
user960,user960@123,user960@sdtbu.edu.cn
user961,user961@123,user961@sdtbu.edu.cn
user962,user962@123,user962@sdtbu.edu.cn
user963,user963@123,user963@sdtbu.edu.cn
user964,user964@123,user964@sdtbu.edu.cn
user965,user965@123,user965@sdtbu.edu.cn
user966,user966@123,user966@sdtbu.edu.cn
user967,user967@123,user967@sdtbu.edu.cn
user968,user968@123,user968@sdtbu.edu.cn
user969,user969@123,user969@sdtbu.edu.cn
user970,user970@123,user970@sdtbu.edu.cn
user971,user971@123,user971@sdtbu.edu.cn
user972,user972@123,user972@sdtbu.edu.cn
user973,user973@123,user973@sdtbu.edu.cn
user974,user974@123,user974@sdtbu.edu.cn
user975,user975@123,user975@sdtbu.edu.cn
user976,user976@123,user976@sdtbu.edu.cn
user977,user977@123,user977@sdtbu.edu.cn
user978,user978@123,user978@sdtbu.edu.cn
user979,user979@123,user979@sdtbu.edu.cn
user980,user980@123,user980@sdtbu.edu.cn
user981,user981@123,user981@sdtbu.edu.cn
user982,user982@123,user982@sdtbu.edu.cn
user983,user983@123,user983@sdtbu.edu.cn
user984,user984@123,user984@sdtbu.edu.cn
user985,user985@123,user985@sdtbu.edu.cn
user986,user986@123,user986@sdtbu.edu.cn
user987,user987@123,user987@sdtbu.edu.cn
user988,user988@123,user988@sdtbu.edu.cn
user989,user989@123,user989@sdtbu.edu.cn
user990,user990@123,user990@sdtbu.edu.cn
user991,user991@123,user991@sdtbu.edu.cn
user992,user992@123,user992@sdtbu.edu.cn
user993,user993@123,user993@sdtbu.edu.cn
user994,user994@123,user994@sdtbu.edu.cn
user995,user995@123,user995@sdtbu.edu.cn
user996,user996@123,user996@sdtbu.edu.cn
user997,user997@123,user997@sdtbu.edu.cn
user998,user998@123,user998@sdtbu.edu.cn
user999,user999@123,user999@sdtbu.edu.cn
user1000,user1000@123,user1000@sdtbu.edu.cn
